{
  "project_info": {
    "project_number": "135194765466",
    "firebase_url": "https://minervamun-b2bde.firebaseio.com",
    "project_id": "minervamun-b2bde",
    "storage_bucket": "minervamun-b2bde.appspot.com"
  },
  "client": [
    {
      "client_info": {
        "mobilesdk_app_id": "1:135194765466:android:8219eeaf97e5d8b996d723",
        "android_client_info": {
          "package_name": "com.example.minervamun"
        }
      },
      "oauth_client": [
        {
          "client_id": "135194765466-t61p328g02qjghcl6ovcnfcsersj9uai.apps.googleusercontent.com",
          "client_type": 1,
          "android_info": {
            "package_name": "com.example.minervamun",
            "certificate_hash": "a2b138d2be4669c2384e80c31e8cb813ece7791c"
          }
        },
        {
          "client_id": "135194765466-m239bmusbpcrbd50ldacpikst250v259.apps.googleusercontent.com",
          "client_type": 3
        }
      ],
      "api_key": [
        {
          "current_key": "AIzaSyCnAAbrjzjPlKFJmAzHYCWmjVPDL-IHtxM"
        }
      ],
      "services": {
        "appinvite_service": {
          "other_platform_oauth_client": [
            {
              "client_id": "135194765466-m239bmusbpcrbd50ldacpikst250v259.apps.googleusercontent.com",
              "client_type": 3
            }
          ]
        }
      }
    }
  ],
  "configuration_version": "1"
}